Year,Observation status,Unit multiplier,Nature of data points,Source details,SERIES,Reference area,Degree of urbanisation,UNIT_MEASURE,GeoCode,Value
2014,Normal value,Units,Country Data,National_SDG_Report,Proportion of population living in households with access to potable water (%),,Urban,Percent,,60.8
2016,Normal value,Units,Country Data,National_SDG_Report,Proportion of population living in households with access to potable water (%),,Urban,Percent,,90.5
2014,Normal value,Units,Country Data,National_SDG_Report,Proportion of population living in households with access to potable water (%),,Rural,Percent,,14.9
2016,Normal value,Units,Country Data,National_SDG_Report,Proportion of population living in households with access to potable water (%),,Rural,Percent,,16.3
2014,Normal value,Units,Country Data,National_SDG_Report,Proportion of population living in households with access to potable water (%),,,Percent,,33.4
2016,Normal value,Units,Country Data,National_SDG_Report,Proportion of population living in households with access to potable water (%),,,Percent,,63.0
2014,Normal value,Units,Country Data,National_SDG_Report,Proportion of population living in households with access to electricity (%),,Urban,Percent,,96.2
2014,Normal value,Units,Country Data,National_SDG_Report,Proportion of population living in households with access to electricity (%),,Rural,Percent,,31.7
2014,Normal value,Units,Country Data,National_SDG_Report,Proportion of population living in households with access to electricity (%),,,Percent,,58.4
2016,Normal value,Units,Country Data,National_SDG_Report,Proportion of population living in households with access to electricity (%),,,Percent,,53.0
