Year,Observation status,Unit multiplier,Nature of data points,Source details,SERIES,Reference area,Degree of urbanisation,UNIT_MEASURE,Time period details,GeoCode,Value
2011,Normal value,Units,Country Data,National_SDG_Report,Percentage of the population of households occupying dwellings considered unsustainable (%),,,Percent,2014,,10.2
2014,Normal value,Units,Country Data,National_SDG_Report,Percentage of the population of households occupying dwellings considered unsustainable (%),,,Percent,2014,,10.2
2011,Normal value,Units,Country Data,National_SDG_Report,Percentage of the population of households occupying dwellings considered unsustainable (%),,Rural,Percent,2014,,13.6
2014,Normal value,Units,Country Data,National_SDG_Report,Percentage of the population of households occupying dwellings considered unsustainable (%),,Rural,Percent,2014,,13.6
2011,Normal value,Units,Country Data,National_SDG_Report,Percentage of the population of households occupying dwellings considered unsustainable (%),,Urban,Percent,2014,,6.4
2014,Normal value,Units,Country Data,National_SDG_Report,Percentage of the population of households occupying dwellings considered unsustainable (%),,Urban,Percent,2014,,6.4
