Year,Observation status,Unit multiplier,Nature of data points,Source details,SERIES,Reference area,UNIT_MEASURE,GeoCode,Value
2014,Normal value,Units,Country Data,National_SDG_Report,Primary energy consumed (Biomass) (%),,Percent,,64.4
2014,Normal value,Units,Country Data,National_SDG_Report,Primary energy consumed (Hydropower) (%),,Percent,,5.7
2014,Normal value,Units,Country Data,National_SDG_Report,Primary energy consumed (Fossil fuel) (%),,Percent,,30.0
2014,Normal value,Units,Country Data,National_SDG_Report,Primary energy consumed (Petroleum products) (%),,Percent,,22.5
2014,Normal value,Units,Country Data,National_SDG_Report,Primary energy consumed (Gas) (%),,Percent,,5.3
