Year,Observation status,Unit multiplier,Nature of data points,Source details,SERIES,Reference area,UNIT_MEASURE,Time period details,GeoCode,Value
2016,Normal value,Units,Country Data,National_SDG_Report,"Coverage of protected areas, in proportion to national area (%)",,Percent,2016,,20.21
2016,Normal value,Units,Country Data,National_SDG_Report,"Coverage of protected areas (ZIC and ZIC GC), in proportion to national area (%)",,Percent,2016,,11.98
2016,Normal value,Units,Country Data,National_SDG_Report,"Coverage of protected areas (Sanctuaries), in proportion to national area (%)",,Percent,2016,,0.22
2016,Normal value,Units,Country Data,National_SDG_Report,"Coverage of protected areas (Wildlife Reserves), in proportion to national area (%)",,Percent,2016,,1.8
2016,Normal value,Units,Country Data,National_SDG_Report,"Coverage of protected areas (National Parks), in proportion to national area (%)",,Percent,2016,,6.2
