Year,Observation status,Unit multiplier,Nature of data points,Source details,SERIES,Reference area,Sex,UNIT_MEASURE,Time period details,GeoCode,Value
2015,Normal value,Units,Country Data,National_SDG_Report,"Number of victims of intentional homicide per 100,000 population [16.1.1]",,,"Per 100,000 population",2017,,861
2016,Normal value,Units,Country Data,National_SDG_Report,"Number of victims of intentional homicide per 100,000 population [16.1.1]",,,"Per 100,000 population",2017,,787
2017,Normal value,Units,Country Data,National_SDG_Report,"Number of victims of intentional homicide per 100,000 population [16.1.1]",,,"Per 100,000 population",2017,,1004
2015,Normal value,Units,Country Data,National_SDG_Report,"Number of victims of intentional homicide per 100,000 population [16.1.1]",,Female,"Per 100,000 population",2017,,192
2016,Normal value,Units,Country Data,National_SDG_Report,"Number of victims of intentional homicide per 100,000 population [16.1.1]",,Female,"Per 100,000 population",2017,,117
2017,Normal value,Units,Country Data,National_SDG_Report,"Number of victims of intentional homicide per 100,000 population [16.1.1]",,Female,"Per 100,000 population",2017,,202
2015,Normal value,Units,Country Data,National_SDG_Report,"Number of victims of intentional homicide per 100,000 population [16.1.1]",,Male,"Per 100,000 population",2017,,669
2016,Normal value,Units,Country Data,National_SDG_Report,"Number of victims of intentional homicide per 100,000 population [16.1.1]",,Male,"Per 100,000 population",2017,,670
2017,Normal value,Units,Country Data,National_SDG_Report,"Number of victims of intentional homicide per 100,000 population [16.1.1]",,Male,"Per 100,000 population",2017,,802
