Year,Observation status,Unit multiplier,Nature of data points,Source details,SERIES,Reference area,Sex,UNIT_MEASURE,GeoCode,Value
2015,Normal value,Units,Country Data,National_SDG_Report,"Number of victims of intentional homicide per 100,000 population [16.1.1]",,Female,"Per 100,000 population",,192
2016,Normal value,Units,Country Data,National_SDG_Report,"Number of victims of intentional homicide per 100,000 population [16.1.1]",,Female,"Per 100,000 population",,117
2017,Normal value,Units,Country Data,National_SDG_Report,"Number of victims of intentional homicide per 100,000 population [16.1.1]",,Female,"Per 100,000 population",,202
2015,Normal value,Units,Country Data,National_SDG_Report,"Number of victims of intentional homicide per 100,000 population [16.1.1]",,Male,"Per 100,000 population",,669
2016,Normal value,Units,Country Data,National_SDG_Report,"Number of victims of intentional homicide per 100,000 population [16.1.1]",,Male,"Per 100,000 population",,670
2017,Normal value,Units,Country Data,National_SDG_Report,"Number of victims of intentional homicide per 100,000 population [16.1.1]",,Male,"Per 100,000 population",,802
2015,Normal value,Units,Country Data,National_SDG_Report,"Number of victims of intentional homicide per 100,000 population [16.1.1]",,,"Per 100,000 population",,861
2016,Normal value,Units,Country Data,National_SDG_Report,"Number of victims of intentional homicide per 100,000 population [16.1.1]",,,"Per 100,000 population",,787
2017,Normal value,Units,Country Data,National_SDG_Report,"Number of victims of intentional homicide per 100,000 population [16.1.1]",,,"Per 100,000 population",,1004
