Year,Observation status,Unit multiplier,Nature of data points,Source details,SERIES,Reference area,UNIT_MEASURE,GeoCode,Value
2013,Normal value,Units,Country Data,National_SDG_Report,Unsentenced detainees as a proportion of overall prison population [16.3.2],,Percent,,60.1
2014,Normal value,Units,Country Data,National_SDG_Report,Unsentenced detainees as a proportion of overall prison population [16.3.2],,Percent,,61.2
2015,Normal value,Units,Country Data,National_SDG_Report,Unsentenced detainees as a proportion of overall prison population [16.3.2],,Percent,,55.8
2017,Normal value,Units,Country Data,National_SDG_Report,Unsentenced detainees as a proportion of overall prison population [16.3.2],,Percent,,58.0
