Year,Observation status,Unit multiplier,Nature of data points,Source details,SERIES,Reference area,UNIT_MEASURE,GeoCode,Value
2018,Normal value,Units,Country Data,National_SDG_Report,_L_CM_160701_01,,Percent,,13.0
2017,Normal value,Units,Country Data,National_SDG_Report,_L_CM_160701_02,,Percent,,30.5
2020,Normal value,Units,Country Data,National_SDG_Report,_L_CM_160701_02,,Percent,,33.9
2017,Normal value,Units,Country Data,National_SDG_Report,_L_CM_160701_03,,Percent,,8.0
2017,Normal value,Units,Country Data,National_SDG_Report,_L_CM_160701_04,,Percent,,20.0
2020,Normal value,Units,Country Data,National_SDG_Report,_L_CM_160701_04,,Percent,,26.0
