Year,Observation status,Unit multiplier,Nature of data points,Source details,SERIES,Reference area,UNIT_MEASURE,GeoCode,Value
2018,Normal value,Units,Country Data,National_SDG_Report,Proportion of women in government (%),,Percent,,13.0
2017,Normal value,Units,Country Data,National_SDG_Report,Proportion of women in the national assembly (%),,Percent,,30.5
2020,Normal value,Units,Country Data,National_SDG_Report,Proportion of women in the national assembly (%),,Percent,,33.9
2017,Normal value,Units,Country Data,National_SDG_Report,Proportion of women in the municipal executive (Mayor) (%),,Percent,,8.0
2017,Normal value,Units,Country Data,National_SDG_Report,Proportion of women in the Senate (%),,Percent,,20.0
2020,Normal value,Units,Country Data,National_SDG_Report,Proportion of women in the Senate (%),,Percent,,26.0
