Year,Observation status,Unit multiplier,Nature of data points,Source details,SERIES,Reference area,UNIT_MEASURE,GeoCode,Value
2011,Normal value,Units,Country Data,National_SDG_Report,_L_CM_020202_01,,Percent,,5.6
2014,Normal value,Units,Country Data,National_SDG_Report,_L_CM_020202_01,,Percent,,5.2
2018,Normal value,Units,Country Data,National_SDG_Report,_L_CM_020202_01,,Percent,,6.0
2011,Normal value,Units,Country Data,National_SDG_Report,_L_CM_020202_02,,Percent,,6.2
2014,Normal value,Units,Country Data,National_SDG_Report,_L_CM_020202_02,,Percent,,6.7
2018,Normal value,Units,Country Data,National_SDG_Report,_L_CM_020202_02,,Percent,,11.0
