Year,Observation status,Unit multiplier,Nature of data points,Source details,SERIES,Reference area,Sex,UNIT_MEASURE,GeoCode,Value
2014,Normal value,Units,Country Data,National_SDG_Report,_L_CM_020201_01,,Female,Percent,,29.8
2014,Normal value,Units,Country Data,National_SDG_Report,_L_CM_020201_01,,Male,Percent,,33.5
2011,Normal value,Units,Country Data,National_SDG_Report,_L_CM_020201_01,,,Percent,,32.5
2014,Normal value,Units,Country Data,National_SDG_Report,_L_CM_020201_01,,,Percent,,31.7
2018,Normal value,Units,Country Data,National_SDG_Report,_L_CM_020201_01,,,Percent,,29.0
