Year,Observation status,Unit multiplier,Nature of data points,Source details,SERIES,Reference area,Sex,UNIT_MEASURE,GeoCode,Value
2018,Normal value,Units,Country Data,National_SDG_Report,_L_CM_030301_01,,Female,Percent,,3.4
2018,Normal value,Units,Country Data,National_SDG_Report,_L_CM_030301_01,,Male,Percent,,1.9
2004,Normal value,Units,Country Data,National_SDG_Report,_L_CM_030301_01,,,Percent,,5.5
2011,Normal value,Units,Country Data,National_SDG_Report,_L_CM_030301_01,,,Percent,,4.3
2014,Normal value,Units,Country Data,National_SDG_Report,_L_CM_030301_01,,,Percent,,3.4
2018,Normal value,Units,Country Data,National_SDG_Report,_L_CM_030301_01,,,Percent,,2.7
