Year,Observation status,Unit multiplier,Nature of data points,Source details,SERIES,Reference area,UNIT_MEASURE,GeoCode,Value
2013,Normal value,Units,Country Data,National_SDG_Report,Death rate due to mental diseases and substance abuse (%),,Percent,,0.9
2013,Normal value,Units,Country Data,National_SDG_Report,Death rate due to diarrheal diseases (%),,Percent,,5.0
2013,Normal value,Units,Country Data,National_SDG_Report,Burden of cardiovascular diseases in all diseases(%),,Percent,,4.7
2013,Normal value,Units,Country Data,National_SDG_Report,Burden of cancers in all diseases (%),,Percent,,2.0
2013,Normal value,Units,Country Data,National_SDG_Report,Burden of chronic respiratory diseases in all diseases (%),,Percent,,1.4
2013,Normal value,Units,Country Data,National_SDG_Report,Burden of mental diseases and substance abuse in all diseases (%),,Percent,,3.5
2013,Normal value,Units,Country Data,National_SDG_Report,Burden of diarrheal diseases in all diseases (%),,Percent,,5.6
2013,Normal value,Units,Country Data,National_SDG_Report,Burden of low respiratory infections in all diseases (%),,Percent,,10.1
2013,Normal value,Units,Country Data,National_SDG_Report,Burden of unintentional accidents in all diseases (%),,Percent,,2.9
2013,Normal value,Units,Country Data,National_SDG_Report,Death rate due to cardiovascular diseases (%),,Percent,,11.6
2013,Normal value,Units,Country Data,National_SDG_Report,Death rate due to cancer (%),,Percent,,4.5
2013,Normal value,Units,Country Data,National_SDG_Report,Death rate due to chronic respiratory diseases (%),,Percent,,1.5
2013,Normal value,Units,Country Data,National_SDG_Report,Death rate due to low respiratory infections (%),,Percent,,10.5
2013,Normal value,Units,Country Data,National_SDG_Report,Death rate due to unintentional accidents (%),,Percent,,2.9
