Year,Observation status,Unit multiplier,Nature of data points,Source details,SERIES,Reference area,Sex,UNIT_MEASURE,GeoCode,Value
2018,Normal value,Units,Country Data,National_SDG_Report,Proportion of children aged 12 to 23 months immunized against measles (%),,Female,Percent,,65.9
2018,Normal value,Units,Country Data,National_SDG_Report,Proportion of children aged 12 to 23 months immunized against measles (%),,Male,Percent,,64.7
2014,Normal value,Units,Country Data,National_SDG_Report,Proportion of children aged 12 to 23 months immunized against measles (%),,,Percent,,85.8
2018,Normal value,Units,Country Data,National_SDG_Report,Proportion of children aged 12 to 23 months immunized against measles (%),,,Percent,,65.3
