Year,Observation status,Unit multiplier,Nature of data points,Source details,SERIES,Reference area,Sex,UNIT_MEASURE,GeoCode,Value
2015,Normal value,Units,Country Data,National_SDG_Report,_L_CM_040201_01,,Female,Percent,,38.0
2015,Normal value,Units,Country Data,National_SDG_Report,_L_CM_040201_01,,Male,Percent,,37.0
2015,Normal value,Units,Country Data,National_SDG_Report,_L_CM_040201_01,,,Percent,,37.5
2015,Normal value,Units,Country Data,National_SDG_Report,_L_CM_040201_02,,Female,Percent,,27.2
2015,Normal value,Units,Country Data,National_SDG_Report,_L_CM_040201_02,,Male,Percent,,26.5
2015,Normal value,Units,Country Data,National_SDG_Report,_L_CM_040201_02,,,Percent,,26.9
