Year,Observation status,Unit multiplier,Nature of data points,Source details,SERIES,Reference area,Sex,UNIT_MEASURE,Time period details,GeoCode,Value
2015,Normal value,Units,Country Data,National_SDG_Report,Gross enrollment ratio in preschool (%),,,Percent,2015,,37.5
2015,Normal value,Units,Country Data,National_SDG_Report,Gross enrollment ratio in preschool (%),,Female,Percent,2015,,38.0
2015,Normal value,Units,Country Data,National_SDG_Report,Gross enrollment ratio in preschool (%),,Male,Percent,2015,,37.0
2015,Normal value,Units,Country Data,National_SDG_Report,Net enrollment ratio in preschool (%),,,Percent,2015,,26.9
2015,Normal value,Units,Country Data,National_SDG_Report,Net enrollment ratio in preschool (%),,Female,Percent,2015,,27.2
2015,Normal value,Units,Country Data,National_SDG_Report,Net enrollment ratio in preschool (%),,Male,Percent,2015,,26.5
