Year,Observation status,Unit multiplier,Nature of data points,Source details,SERIES,Reference area,Sex,Degree of urbanisation,UNIT_MEASURE,GeoCode,Value
2014,Normal value,Units,Country Data,National_SDG_Report,Literacy rate of 15-24 year-olds (%),,,Urban,Percent,,85
2014,Normal value,Units,Country Data,National_SDG_Report,Literacy rate of 15-24 year-olds (%),,,Rural,Percent,,48
2014,Normal value,Units,Country Data,National_SDG_Report,Literacy rate of 15-24 year-olds (%),,Female,,Percent,,68
2014,Normal value,Units,Country Data,National_SDG_Report,Literacy rate of 15-24 year-olds (%),,Male,,Percent,,83
2014,Normal value,Units,Country Data,National_SDG_Report,Literacy rate of 15-24 year-olds (%),,,,Percent,,80
2017,Normal value,Units,Country Data,National_SDG_Report,Literacy rate of 15-24 year-olds (%),,,,Percent,,83
