Year,Observation status,Unit multiplier,Nature of data points,Source details,SERIES,Reference area,Sex,UNIT_MEASURE,Time period details,GeoCode,Value
2015,Normal value,Units,Country Data,National_SDG_Report,Proportion of qualified teachers in primary school (%),,,Percent,2015,,55.8
2015,Normal value,Units,Country Data,National_SDG_Report,Proportion of qualified teachers in primary school (%),,Female,Percent,2015,,58.7
2015,Normal value,Units,Country Data,National_SDG_Report,Proportion of qualified teachers in primary school (%),,Male,Percent,2015,,52.4
2015,Normal value,Units,Country Data,National_SDG_Report,Pupil/teacher ratio in preschool,,,Ratio,2018,,20.7
2016,Normal value,Units,Country Data,National_SDG_Report,Pupil/teacher ratio in preschool,,,Ratio,2018,,20.6
2018,Normal value,Units,Country Data,National_SDG_Report,Pupil/teacher ratio in preschool,,,Ratio,2018,,20.3
2015,Normal value,Units,Country Data,National_SDG_Report,Pupil/teacher ratio in primary school,,,Ratio,2018,,49.1
2016,Normal value,Units,Country Data,National_SDG_Report,Pupil/teacher ratio in primary school,,,Ratio,2018,,42.4
2018,Normal value,Units,Country Data,National_SDG_Report,Pupil/teacher ratio in primary school,,,Ratio,2018,,44.7
