Year,Observation status,Unit multiplier,Nature of data points,Source details,SERIES,Reference area,UNIT_MEASURE,GeoCode,Value
2014,Normal value,Units,Country Data,National_SDG_Report,"Proportion of ever-partnered women and girls aged 15 years and older subjected to physical, sexual or emotional/psychological violence (%)",,Percent,,52.6
2018,Normal value,Units,Country Data,National_SDG_Report,"Proportion of ever-partnered women and girls aged 15 years and older subjected to physical, sexual or emotional/psychological violence (%)",,Percent,,31.5
2014,Normal value,Units,Country Data,National_SDG_Report,Proportion of ever-partnered women and girls subjected to sexual violence by a current or former intimate partner in the previous 12 months [5.2.1],,Percent,,13.5
2018,Normal value,Units,Country Data,National_SDG_Report,Proportion of ever-partnered women and girls subjected to sexual violence by a current or former intimate partner in the previous 12 months [5.2.1],,Percent,,6.9
2014,Normal value,Units,Country Data,National_SDG_Report,Proportion of ever-partnered women and girls subjected to physical violence by a current or former intimate partner in the previous 12 months [5.2.1],,Percent,,30.8
2018,Normal value,Units,Country Data,National_SDG_Report,Proportion of ever-partnered women and girls subjected to physical violence by a current or former intimate partner in the previous 12 months [5.2.1],,Percent,,19.6
2014,Normal value,Units,Country Data,National_SDG_Report,Proportion of ever-partnered women and girls subjected to psychological violence by a current or former intimate partner in the previous 12 months [5.2.1],,Percent,,47.2
2018,Normal value,Units,Country Data,National_SDG_Report,Proportion of ever-partnered women and girls subjected to psychological violence by a current or former intimate partner in the previous 12 months [5.2.1],,Percent,,22.4
