Year,SERIES,Value
2014,"Proportion of ever-partnered women and girls aged 15 years and older subjected to physical, sexual or emotional/psychological violence (%)",52.6
2018,"Proportion of ever-partnered women and girls aged 15 years and older subjected to physical, sexual or emotional/psychological violence (%)",31.5
2014,Proportion of ever-partnered women and girls subjected to sexual violence by a current or former intimate partner in the previous 12 months [5.2.1],13.5
2018,Proportion of ever-partnered women and girls subjected to sexual violence by a current or former intimate partner in the previous 12 months [5.2.1],6.9
2014,Proportion of ever-partnered women and girls subjected to physical violence by a current or former intimate partner in the previous 12 months [5.2.1],30.8
2018,Proportion of ever-partnered women and girls subjected to physical violence by a current or former intimate partner in the previous 12 months [5.2.1],19.6
2014,Proportion of ever-partnered women and girls subjected to psychological violence by a current or former intimate partner in the previous 12 months [5.2.1],47.2
2018,Proportion of ever-partnered women and girls subjected to psychological violence by a current or former intimate partner in the previous 12 months [5.2.1],22.4
