Year,Observation status,Unit multiplier,Nature of data points,Source details,SERIES,Reference area,UNIT_MEASURE,Time period details,GeoCode,Value
2014,Normal value,Units,Country Data,National_SDG_Report,"Proportion of ever-partnered women and girls aged 15 years and older subjected to physical, sexual or emotional/psychological violence (%)",,Percent,2018,,52.6
2018,Normal value,Units,Country Data,National_SDG_Report,"Proportion of ever-partnered women and girls aged 15 years and older subjected to physical, sexual or emotional/psychological violence (%)",,Percent,2018,,31.5
2014,Normal value,Units,Country Data,National_SDG_Report,Proportion of ever-partnered women and girls subjected to physical violence by a current or former intimate partner in the previous 12 months [5.2.1],,Percent,2018,,30.8
2018,Normal value,Units,Country Data,National_SDG_Report,Proportion of ever-partnered women and girls subjected to physical violence by a current or former intimate partner in the previous 12 months [5.2.1],,Percent,2018,,19.6
2014,Normal value,Units,Country Data,National_SDG_Report,Proportion of ever-partnered women and girls subjected to psychological violence by a current or former intimate partner in the previous 12 months [5.2.1],,Percent,2018,,47.2
2018,Normal value,Units,Country Data,National_SDG_Report,Proportion of ever-partnered women and girls subjected to psychological violence by a current or former intimate partner in the previous 12 months [5.2.1],,Percent,2018,,22.4
2014,Normal value,Units,Country Data,National_SDG_Report,Proportion of ever-partnered women and girls subjected to sexual violence by a current or former intimate partner in the previous 12 months [5.2.1],,Percent,2018,,13.5
2018,Normal value,Units,Country Data,National_SDG_Report,Proportion of ever-partnered women and girls subjected to sexual violence by a current or former intimate partner in the previous 12 months [5.2.1],,Percent,2018,,6.9
