Year,Observation status,Unit multiplier,Nature of data points,Source details,SERIES,Reference area,Degree of urbanisation,Education level,UNIT_MEASURE,GeoCode,Value
2014,Normal value,Units,Country Data,National_SDG_Report,Proportion of women aged 20-24 years who were married or in a union before age 15 [5.3.1],,Urban,,Percent,,5.3
2014,Normal value,Units,Country Data,National_SDG_Report,Proportion of women aged 20-24 years who were married or in a union before age 15 [5.3.1],,Rural,,Percent,,16.1
2014,Normal value,Units,Country Data,National_SDG_Report,Proportion of women aged 20-24 years who were married or in a union before age 15 [5.3.1],,,Never attended an education programme / No schooling,Percent,,21.7
2014,Normal value,Units,Country Data,National_SDG_Report,Proportion of women aged 20-24 years who were married or in a union before age 15 [5.3.1],,,Primary education,Percent,,19.0
2014,Normal value,Units,Country Data,National_SDG_Report,Proportion of women aged 20-24 years who were married or in a union before age 15 [5.3.1],,,Secondary education (lower and upper secondary education),Percent,,3.6
2014,Normal value,Units,Country Data,National_SDG_Report,Proportion of women aged 20-24 years who were married or in a union before age 15 [5.3.1],,,Tertiary education,Percent,,0.4
2014,Normal value,Units,Country Data,National_SDG_Report,Proportion of women aged 20-24 years who were married or in a union before age 15 [5.3.1],,,,Percent,,10.2
2018,Normal value,Units,Country Data,National_SDG_Report,Proportion of women aged 20-24 years who were married or in a union before age 15 [5.3.1],,,,Percent,,10.7
2014,Normal value,Units,Country Data,National_SDG_Report,Proportion of women aged 20-24 years who were married or in a union before age 18 [5.3.1],,Urban,,Percent,,20.8
2014,Normal value,Units,Country Data,National_SDG_Report,Proportion of women aged 20-24 years who were married or in a union before age 18 [5.3.1],,Rural,,Percent,,43.3
2014,Normal value,Units,Country Data,National_SDG_Report,Proportion of women aged 20-24 years who were married or in a union before age 18 [5.3.1],,,Never attended an education programme / No schooling,Percent,,59.4
2014,Normal value,Units,Country Data,National_SDG_Report,Proportion of women aged 20-24 years who were married or in a union before age 18 [5.3.1],,,Primary education,Percent,,49.6
2014,Normal value,Units,Country Data,National_SDG_Report,Proportion of women aged 20-24 years who were married or in a union before age 18 [5.3.1],,,Secondary education (lower and upper secondary education),Percent,,15.9
2014,Normal value,Units,Country Data,National_SDG_Report,Proportion of women aged 20-24 years who were married or in a union before age 18 [5.3.1],,,Tertiary education,Percent,,0.8
2014,Normal value,Units,Country Data,National_SDG_Report,Proportion of women aged 20-24 years who were married or in a union before age 18 [5.3.1],,,,Percent,,31.0
2018,Normal value,Units,Country Data,National_SDG_Report,Proportion of women aged 20-24 years who were married or in a union before age 18 [5.3.1],,,,Percent,,29.8
