Year,Observation status,Unit multiplier,Nature of data points,Source details,SERIES,Reference area,Sex,UNIT_MEASURE,GeoCode,Value
2014,Normal value,Units,Country Data,National_SDG_Report,Proportion of individuals who own a mobile telephone [5.b.1],,Female,Percent,,66.3
2018,Normal value,Units,Country Data,National_SDG_Report,Proportion of individuals who own a mobile telephone [5.b.1],,Female,Percent,,63.6
2014,Normal value,Units,Country Data,National_SDG_Report,Proportion of individuals who own a mobile telephone [5.b.1],,Male,Percent,,79.4
2018,Normal value,Units,Country Data,National_SDG_Report,Proportion of individuals who own a mobile telephone [5.b.1],,Male,Percent,,77.3
2014,Normal value,Units,Country Data,National_SDG_Report,Proportion of individuals who own a mobile telephone [5.b.1],,,Percent,,72.3
