Year,Observation status,Unit multiplier,Nature of data points,Source details,SERIES,Reference area,Degree of urbanisation,UNIT_MEASURE,GeoCode,Value
2014,Normal value,Units,Country Data,National_SDG_Report,_L_CM_060101_01,,Urban,Percent,,93.2
2016,Normal value,Units,Country Data,National_SDG_Report,_L_CM_060101_01,,Urban,Percent,,97.7
2014,Normal value,Units,Country Data,National_SDG_Report,_L_CM_060101_01,,Rural,Percent,,54.2
2016,Normal value,Units,Country Data,National_SDG_Report,_L_CM_060101_01,,Rural,Percent,,59.3
2014,Normal value,Units,Country Data,National_SDG_Report,_L_CM_060101_01,,,Percent,,72.9
2016,Normal value,Units,Country Data,National_SDG_Report,_L_CM_060101_01,,,Percent,,73.4
