Year,Observation status,Unit multiplier,Nature of data points,Source details,SERIES,Reference area,Degree of urbanisation,UNIT_MEASURE,GeoCode,Value
2014,Normal value,Units,Country Data,National_SDG_Report,Proportion of population using safely managed drinking water services [6.1.1],,Urban,Percent,,93.2
2016,Normal value,Units,Country Data,National_SDG_Report,Proportion of population using safely managed drinking water services [6.1.1],,Urban,Percent,,97.7
2014,Normal value,Units,Country Data,National_SDG_Report,Proportion of population using safely managed drinking water services [6.1.1],,Rural,Percent,,54.2
2016,Normal value,Units,Country Data,National_SDG_Report,Proportion of population using safely managed drinking water services [6.1.1],,Rural,Percent,,59.3
2014,Normal value,Units,Country Data,National_SDG_Report,Proportion of population using safely managed drinking water services [6.1.1],,,Percent,,72.9
2016,Normal value,Units,Country Data,National_SDG_Report,Proportion of population using safely managed drinking water services [6.1.1],,,Percent,,73.4
