Year,Observation status,Unit multiplier,Nature of data points,Source details,SERIES,Reference area,Degree of urbanisation,UNIT_MEASURE,GeoCode,Value
2014,Normal value,Units,Country Data,National_SDG_Report,Proportion of the population using drinking water from improved source/service (%),,Urban,Percent,,93.2
2016,Normal value,Units,Country Data,National_SDG_Report,Proportion of the population using drinking water from improved source/service (%),,Urban,Percent,,97.7
2014,Normal value,Units,Country Data,National_SDG_Report,Proportion of the population using drinking water from improved source/service (%),,Rural,Percent,,54.2
2016,Normal value,Units,Country Data,National_SDG_Report,Proportion of the population using drinking water from improved source/service (%),,Rural,Percent,,59.3
2014,Normal value,Units,Country Data,National_SDG_Report,Proportion of the population using drinking water from improved source/service (%),,,Percent,,72.9
2016,Normal value,Units,Country Data,National_SDG_Report,Proportion of the population using drinking water from improved source/service (%),,,Percent,,73.4
