Year,SDG Series,Degree of urbanisation,Value
2014,"Proportion of the population with a hand-washing place with water, soap (%)",Urban,22.7
2014,"Proportion of the population with a hand-washing place with water, soap (%)",Rural,5.5
2014,"Proportion of the population with a hand-washing place with water, soap (%)",,14.9
2014,Percentage of the population of households using the improved toilets (%),Urban,56.1
2016,Percentage of the population of households using the improved toilets (%),Urban,60.4
2014,Percentage of the population of households using the improved toilets (%),Rural,15.5
2016,Percentage of the population of households using the improved toilets (%),Rural,25.4
2014,Percentage of the population of households using the improved toilets (%),,34.9
2016,Percentage of the population of households using the improved toilets (%),,38.0
