Year,Observation status,Unit multiplier,Nature of data points,Source details,SERIES,Reference area,Degree of urbanisation,UNIT_MEASURE,GeoCode,Value
2014,Normal value,Units,Country Data,National_SDG_Report,"Proportion of the population with a hand-washing place with water, soap (%)",,Urban,Percent,,22.7
2014,Normal value,Units,Country Data,National_SDG_Report,"Proportion of the population with a hand-washing place with water, soap (%)",,Rural,Percent,,5.5
2014,Normal value,Units,Country Data,National_SDG_Report,"Proportion of the population with a hand-washing place with water, soap (%)",,,Percent,,14.9
2014,Normal value,Units,Country Data,National_SDG_Report,Percentage of the population of households using the improved toilets (%),,Urban,Percent,,56.1
2016,Normal value,Units,Country Data,National_SDG_Report,Percentage of the population of households using the improved toilets (%),,Urban,Percent,,60.4
2014,Normal value,Units,Country Data,National_SDG_Report,Percentage of the population of households using the improved toilets (%),,Rural,Percent,,15.5
2016,Normal value,Units,Country Data,National_SDG_Report,Percentage of the population of households using the improved toilets (%),,Rural,Percent,,25.4
2014,Normal value,Units,Country Data,National_SDG_Report,Percentage of the population of households using the improved toilets (%),,,Percent,,34.9
2016,Normal value,Units,Country Data,National_SDG_Report,Percentage of the population of households using the improved toilets (%),,,Percent,,38.0
