Year,Observation status,Unit multiplier,Nature of data points,Source details,SERIES,Reference area,Degree of urbanisation,UNIT_MEASURE,GeoCode,Value
2014,Normal value,Units,Country Data,National_SDG_Report,_L_CM_060201_01,,Urban,Percent,,22.7
2014,Normal value,Units,Country Data,National_SDG_Report,_L_CM_060201_01,,Rural,Percent,,5.5
2014,Normal value,Units,Country Data,National_SDG_Report,_L_CM_060201_01,,,Percent,,14.9
2014,Normal value,Units,Country Data,National_SDG_Report,_L_CM_060201_02,,Urban,Percent,,56.1
2016,Normal value,Units,Country Data,National_SDG_Report,_L_CM_060201_02,,Urban,Percent,,60.4
2014,Normal value,Units,Country Data,National_SDG_Report,_L_CM_060201_02,,Rural,Percent,,15.5
2016,Normal value,Units,Country Data,National_SDG_Report,_L_CM_060201_02,,Rural,Percent,,25.4
2014,Normal value,Units,Country Data,National_SDG_Report,_L_CM_060201_02,,,Percent,,34.9
2016,Normal value,Units,Country Data,National_SDG_Report,_L_CM_060201_02,,,Percent,,38.0
