Year,SERIES,Degree of urbanisation,Time period details,Value
2014,"Proportion of the population with a hand-washing place with water, soap (%)",,2014,14.9
2014,"Proportion of the population with a hand-washing place with water, soap (%)",Rural,2014,5.5
2014,"Proportion of the population with a hand-washing place with water, soap (%)",Urban,2014,22.7
2014,Percentage of the population of households using the improved toilets (%),,2016,34.9
2016,Percentage of the population of households using the improved toilets (%),,2016,38.0
2014,Percentage of the population of households using the improved toilets (%),Rural,2016,15.5
2016,Percentage of the population of households using the improved toilets (%),Rural,2016,25.4
2014,Percentage of the population of households using the improved toilets (%),Urban,2016,56.1
2016,Percentage of the population of households using the improved toilets (%),Urban,2016,60.4
