Year,Observation status,Unit multiplier,Nature of data points,Source details,SERIES,Reference area,UNIT_MEASURE,GeoCode,Value
2014,Normal value,Units,Country Data,National_SDG_Report,Part des énergies renouvelables hors bois énergie dans le mix énergétique à la consommation,,Percent,,0.045
2015,Normal value,Units,Country Data,National_SDG_Report,Part des énergies renouvelables hors bois énergie dans le mix énergétique à la consommation,,Percent,,0.051
2014,Normal value,Units,Country Data,National_SDG_Report,Part des énergies renouvelables dans le mix électrique à la production,,Percent,,0.07
2015,Normal value,Units,Country Data,National_SDG_Report,Part des énergies renouvelables dans le mix électrique à la production,,Percent,,0.52
