Year,Observation status,Unit multiplier,Nature of data points,Source details,SERIES,Reference area,UNIT_MEASURE,Time period details,GeoCode,Value
2014,Normal value,Units,Country Data,National_SDG_Report,Share of renewable energy excluding wood energy in the energy mix for consumption,,Percent,2015,,0.045
2015,Normal value,Units,Country Data,National_SDG_Report,Share of renewable energy excluding wood energy in the energy mix for consumption,,Percent,2015,,0.051
2014,Normal value,Units,Country Data,National_SDG_Report,Part des énergies renouvelables dans le mix électrique à la production,,Percent,2014,,0.07
2015,Normal value,Units,Country Data,National_SDG_Report,Part des énergies renouvelables dans le mix électrique à la production,,Percent,2015,,0.52
