Year,Observation status,Unit multiplier,Nature of data points,Source details,SERIES,Reference area,Sex,Degree of urbanisation,UNIT_MEASURE,GeoCode,Value
2014,Normal value,Units,Country Data,National Institute of Statistics,_L_CM_080502_01,,,Urban,Percent,,7.1
2016,Normal value,Units,Country Data,National Institute of Statistics,_L_CM_080502_01,,,Urban,Percent,,6.7
2014,Normal value,Units,Country Data,National Institute of Statistics,_L_CM_080502_01,,,Rural,Percent,,0.9
2016,Normal value,Units,Country Data,National Institute of Statistics,_L_CM_080502_01,,,Rural,Percent,,0.6
2014,Normal value,Units,Country Data,National Institute of Statistics,_L_CM_080502_01,,Female,,Percent,,3.8
2016,Normal value,Units,Country Data,National Institute of Statistics,_L_CM_080502_01,,Female,,Percent,,3.0
2014,Normal value,Units,Country Data,National Institute of Statistics,_L_CM_080502_01,,Male,,Percent,,2.9
2016,Normal value,Units,Country Data,National Institute of Statistics,_L_CM_080502_01,,Male,,Percent,,2.3
2014,Normal value,Units,Country Data,National Institute of Statistics,_L_CM_080502_01,,,,Percent,,3.3
2016,Normal value,Units,Country Data,National Institute of Statistics,_L_CM_080502_01,,,,Percent,,2.6
2010,Normal value,Units,Country Data,National Institute of Statistics,_L_CM_080502_01,,,,Percent,,3.8
2010,Normal value,Units,Country Data,National Institute of Statistics,_L_CM_080502_01,ADAMAWA,,,Percent,CM_AD,4.3
2010,Normal value,Units,Country Data,National Institute of Statistics,_L_CM_080502_01,EAST,,,Percent,CM_ES,3.0
2010,Normal value,Units,Country Data,National Institute of Statistics,_L_CM_080502_01,FAR NORTH,,,Percent,CM_EN,0.4
2010,Normal value,Units,Country Data,National Institute of Statistics,_L_CM_080502_01,North,,,Percent,CM_NO,1.8
2010,Normal value,Units,Country Data,National Institute of Statistics,_L_CM_080502_01,North West,,,Percent,CM_NW,3.6
2010,Normal value,Units,Country Data,National Institute of Statistics,_L_CM_080502_01,West,,,Percent,CM_OU,1.8
2010,Normal value,Units,Country Data,National Institute of Statistics,_L_CM_080502_01,South,,,Percent,CM_SU,5.5
2010,Normal value,Units,Country Data,National Institute of Statistics,_L_CM_080502_01,South-West,,,Percent,CM_SW,4.4
2010,Normal value,Units,Country Data,National Institute of Statistics,_L_CM_080502_01,Douala,,,Percent,CM_DLA,9.1
2010,Normal value,Units,Country Data,National Institute of Statistics,_L_CM_080502_01,Yaounde,,,Percent,CM_YDE,10.0
2010,Normal value,Units,Country Data,National Institute of Statistics,_L_CM_080502_01,Littoral Excluding Douala,,,Percent,CM_LT_Sans_DLA,2.0
2010,Normal value,Units,Country Data,National Institute of Statistics,_L_CM_080502_01,Centre Excluding Yaounde,,,Percent,CM_CE_Sans_YDE,1.5
2010,Normal value,Units,Country Data,National Institute of Statistics,_L_CM_080502_01,,Female,,Percent,,4.5
2010,Normal value,Units,Country Data,National Institute of Statistics,_L_CM_080502_01,,Male,,Percent,,3.1
2010,Normal value,Units,Country Data,National Institute of Statistics,_L_CM_080502_01,,,Urban,Percent,,8.1
2010,Normal value,Units,Country Data,National Institute of Statistics,_L_CM_080502_01,,,Rural,Percent,,1.4
2021,Normal value,Units,Country Data,National Institute of Statistics,_L_CM_080502_01,,,,Percent,,6.1
2021,Normal value,Units,Country Data,National Institute of Statistics,_L_CM_080502_01,ADAMAWA,,,Percent,CM_AD,1.8
2021,Normal value,Units,Country Data,National Institute of Statistics,_L_CM_080502_01,EAST,,,Percent,CM_ES,1.6
2021,Normal value,Units,Country Data,National Institute of Statistics,_L_CM_080502_01,FAR NORTH,,,Percent,CM_EN,1.6
2021,Normal value,Units,Country Data,National Institute of Statistics,_L_CM_080502_01,North,,,Percent,CM_NO,1.8
2021,Normal value,Units,Country Data,National Institute of Statistics,_L_CM_080502_01,North West,,,Percent,CM_NW,5.1
2021,Normal value,Units,Country Data,National Institute of Statistics,_L_CM_080502_01,West,,,Percent,CM_OU,5.5
2021,Normal value,Units,Country Data,National Institute of Statistics,_L_CM_080502_01,South,,,Percent,CM_SU,2.2
2021,Normal value,Units,Country Data,National Institute of Statistics,_L_CM_080502_01,South-West,,,Percent,CM_SW,8.0
2021,Normal value,Units,Country Data,National Institute of Statistics,_L_CM_080502_01,Douala,,,Percent,CM_DLA,15.4
2021,Normal value,Units,Country Data,National Institute of Statistics,_L_CM_080502_01,Yaounde,,,Percent,CM_YDE,11.7
2021,Normal value,Units,Country Data,National Institute of Statistics,_L_CM_080502_01,Littoral Excluding Douala,,,Percent,CM_LT_Sans_DLA,7.3
2021,Normal value,Units,Country Data,National Institute of Statistics,_L_CM_080502_01,Centre Excluding Yaounde,,,Percent,CM_CE_Sans_YDE,2.9
2021,Normal value,Units,Country Data,National Institute of Statistics,_L_CM_080502_01,,Female,,Percent,,7.5
2021,Normal value,Units,Country Data,National Institute of Statistics,_L_CM_080502_01,,Male,,Percent,,5.1
2021,Normal value,Units,Country Data,National Institute of Statistics,_L_CM_080502_01,,,Urban,Percent,,9.4
2021,Normal value,Units,Country Data,National Institute of Statistics,_L_CM_080502_01,,,Rural,Percent,,1.6
2005,Normal value,Units,Country Data,National Institute of Statistics,_L_CM_080502_02,,,,Percent,,7.6
2010,Normal value,Units,Country Data,National Institute of Statistics,_L_CM_080502_02,,,,Percent,,6.4
2021,Normal value,Units,Country Data,National Institute of Statistics,_L_CM_080502_02,,,,Percent,,10.1
2014,Normal value,Units,Country Data,National_SDG_Report,_L_CM_080502_03,,,,Percent,,77.6
