Year,Observation status,Unit multiplier,Nature of data points,Source details,SERIES,Reference area,UNIT_MEASURE,GeoCode,Value
2011,Normal value,Thousands,Country Data,National_SDG_Report,_L_CM_090102_01,,Number,,1487
2012,Normal value,Thousands,Country Data,National_SDG_Report,_L_CM_090102_01,,Number,,1451
2013,Normal value,Thousands,Country Data,National_SDG_Report,_L_CM_090102_01,,Number,,1419
2014,Normal value,Thousands,Country Data,National_SDG_Report,_L_CM_090102_01,,Number,,1559
2015,Normal value,Thousands,Country Data,National_SDG_Report,_L_CM_090102_01,,Number,,1663
2011,Normal value,Units,Country Data,National_SDG_Report,_L_CM_090102_02,,Metric Tons,,1541
2012,Normal value,Units,Country Data,National_SDG_Report,_L_CM_090102_02,,Metric Tons,,1617
2013,Normal value,Units,Country Data,National_SDG_Report,_L_CM_090102_02,,Metric Tons,,1664
2014,Normal value,Units,Country Data,National_SDG_Report,_L_CM_090102_02,,Metric Tons,,1664
2015,Normal value,Units,Country Data,National_SDG_Report,_L_CM_090102_02,,Metric Tons,,2113
