Year,Observation status,Unit multiplier,Nature of data points,Source details,SERIES,Reference area,UNIT_MEASURE,GeoCode,Value
2009,Normal value,Units,Country Data,National_SDG_Report,_L_CM_090b01_01,,Percent,,3.77
2010,Normal value,Units,Country Data,National_SDG_Report,_L_CM_090b01_01,,Percent,,3.56
2011,Normal value,Units,Country Data,National_SDG_Report,_L_CM_090b01_01,,Percent,,3.8
2012,Normal value,Units,Country Data,National_SDG_Report,_L_CM_090b01_01,,Percent,,3.87
2013,Normal value,Units,Country Data,National_SDG_Report,_L_CM_090b01_01,,Percent,,3.72
2014,Normal value,Units,Country Data,National_SDG_Report,_L_CM_090b01_01,,Percent,,3.72
2015,Normal value,Units,Country Data,National_SDG_Report,_L_CM_090b01_01,,Percent,,3.65
2016,Normal value,Units,Country Data,National_SDG_Report,_L_CM_090b01_01,,Percent,,3.89
