Year,Observation status,Unit multiplier,Nature of data points,Source details,SERIES,Reference area,Sex,Degree of urbanisation,UNIT_MEASURE,GeoCode,Value
2017,Normal value,Units,Country Data,National_SDG_Report,_L_CM_090c01_01,,,Urban,Percent,,95.2
2017,Normal value,Units,Country Data,National_SDG_Report,_L_CM_090c01_01,,,Rural,Percent,,77.4
2017,Normal value,Units,Country Data,National_SDG_Report,_L_CM_090c01_01,,Female,,Percent,,82.7
2017,Normal value,Units,Country Data,National_SDG_Report,_L_CM_090c01_01,,Male,,Percent,,85.6
2017,Normal value,Units,Country Data,National_SDG_Report,_L_CM_090c01_01,,,,Percent,,84.9
