Year,Observation status,Unit multiplier,Nature of data points,Source details,SERIES,Reference area,Sex,Degree of urbanisation,UNIT_MEASURE,GeoCode,Value
2017,Normal value,Units,Country Data,National_SDG_Report,Proportion of households with access to a mobile phone network (%),,,Urban,Percent,,95.2
2017,Normal value,Units,Country Data,National_SDG_Report,Proportion of households with access to a mobile phone network (%),,,Rural,Percent,,77.4
2017,Normal value,Units,Country Data,National_SDG_Report,Proportion of households with access to a mobile phone network (%),,Female,,Percent,,82.7
2017,Normal value,Units,Country Data,National_SDG_Report,Proportion of households with access to a mobile phone network (%),,Male,,Percent,,85.6
2017,Normal value,Units,Country Data,National_SDG_Report,Proportion of households with access to a mobile phone network (%),,,,Percent,,84.9
