Year,OBS_STATUS,UNIT_MULT,NATURE,SOURCE_DETAIL,SERIES,REF_AREA,URBANISATION,UNIT_MEASURE,TIME_DETAIL,GeoCode,Value
2011,A,0,C,National_SDG_Report,Pourcentage de la population des ménages occupant des logements considérés comme non durables (%),,,PT,2014,,10.2
2014,A,0,C,National_SDG_Report,Pourcentage de la population des ménages occupant des logements considérés comme non durables (%),,,PT,2014,,10.2
2011,A,0,C,National_SDG_Report,Pourcentage de la population des ménages occupant des logements considérés comme non durables (%),,R,PT,2014,,13.6
2014,A,0,C,National_SDG_Report,Pourcentage de la population des ménages occupant des logements considérés comme non durables (%),,R,PT,2014,,13.6
2011,A,0,C,National_SDG_Report,Pourcentage de la population des ménages occupant des logements considérés comme non durables (%),,U,PT,2014,,6.4
2014,A,0,C,National_SDG_Report,Pourcentage de la population des ménages occupant des logements considérés comme non durables (%),,U,PT,2014,,6.4
