Year,Status de l'observation,Multiplicateur d'unité,NATURE,SOURCE_DETAIL,SERIES,Aire Geographique,Milieu de résidence,UNIT_MEASURE,GeoCode,Value
2011,Valeur Normale,Unité,C,National_SDG_Report,Pourcentage de la population des ménages occupant des logements considérés comme non durables (%),,Urbain,Pour cent,,6.4
2014,Valeur Normale,Unité,C,National_SDG_Report,Pourcentage de la population des ménages occupant des logements considérés comme non durables (%),,Urbain,Pour cent,,6.4
2011,Valeur Normale,Unité,C,National_SDG_Report,Pourcentage de la population des ménages occupant des logements considérés comme non durables (%),,Rural,Pour cent,,13.6
2014,Valeur Normale,Unité,C,National_SDG_Report,Pourcentage de la population des ménages occupant des logements considérés comme non durables (%),,Rural,Pour cent,,13.6
2011,Valeur Normale,Unité,C,National_SDG_Report,Pourcentage de la population des ménages occupant des logements considérés comme non durables (%),,,Pour cent,,10.2
2014,Valeur Normale,Unité,C,National_SDG_Report,Pourcentage de la population des ménages occupant des logements considérés comme non durables (%),,,Pour cent,,10.2
