Year,Status de l'observation,Multiplicateur d'unité,NATURE,SOURCE_DETAIL,SERIES,Aire Geographique,Sexe,UNIT_MEASURE,GeoCode,Value
2015,Valeur Normale,Unité,C,National_SDG_Report,Nombre de victimes d’homicide volontaire enregistrés devant les juridictions (pour 100 000 Habitants),,Féminin,Pour 100000 personnes,,192
2016,Valeur Normale,Unité,C,National_SDG_Report,Nombre de victimes d’homicide volontaire enregistrés devant les juridictions (pour 100 000 Habitants),,Féminin,Pour 100000 personnes,,117
2017,Valeur Normale,Unité,C,National_SDG_Report,Nombre de victimes d’homicide volontaire enregistrés devant les juridictions (pour 100 000 Habitants),,Féminin,Pour 100000 personnes,,202
2015,Valeur Normale,Unité,C,National_SDG_Report,Nombre de victimes d’homicide volontaire enregistrés devant les juridictions (pour 100 000 Habitants),,Masculin,Pour 100000 personnes,,669
2016,Valeur Normale,Unité,C,National_SDG_Report,Nombre de victimes d’homicide volontaire enregistrés devant les juridictions (pour 100 000 Habitants),,Masculin,Pour 100000 personnes,,670
2017,Valeur Normale,Unité,C,National_SDG_Report,Nombre de victimes d’homicide volontaire enregistrés devant les juridictions (pour 100 000 Habitants),,Masculin,Pour 100000 personnes,,802
2015,Valeur Normale,Unité,C,National_SDG_Report,Nombre de victimes d’homicide volontaire enregistrés devant les juridictions (pour 100 000 Habitants),,,Pour 100000 personnes,,861
2016,Valeur Normale,Unité,C,National_SDG_Report,Nombre de victimes d’homicide volontaire enregistrés devant les juridictions (pour 100 000 Habitants),,,Pour 100000 personnes,,787
2017,Valeur Normale,Unité,C,National_SDG_Report,Nombre de victimes d’homicide volontaire enregistrés devant les juridictions (pour 100 000 Habitants),,,Pour 100000 personnes,,1004
