Year,OBS_STATUS,UNIT_MULT,NATURE,SOURCE_DETAIL,SERIES,REF_AREA,SEX,UNIT_MEASURE,TIME_DETAIL,GeoCode,Value
2015,A,0,C,National_SDG_Report,"Number of victims of intentional homicide per 100,000 population [16.1.1]",,,PER_100000_POP,2017,,861
2016,A,0,C,National_SDG_Report,"Number of victims of intentional homicide per 100,000 population [16.1.1]",,,PER_100000_POP,2017,,787
2017,A,0,C,National_SDG_Report,"Number of victims of intentional homicide per 100,000 population [16.1.1]",,,PER_100000_POP,2017,,1004
2015,A,0,C,National_SDG_Report,"Number of victims of intentional homicide per 100,000 population [16.1.1]",,F,PER_100000_POP,2017,,192
2016,A,0,C,National_SDG_Report,"Number of victims of intentional homicide per 100,000 population [16.1.1]",,F,PER_100000_POP,2017,,117
2017,A,0,C,National_SDG_Report,"Number of victims of intentional homicide per 100,000 population [16.1.1]",,F,PER_100000_POP,2017,,202
2015,A,0,C,National_SDG_Report,"Number of victims of intentional homicide per 100,000 population [16.1.1]",,M,PER_100000_POP,2017,,669
2016,A,0,C,National_SDG_Report,"Number of victims of intentional homicide per 100,000 population [16.1.1]",,M,PER_100000_POP,2017,,670
2017,A,0,C,National_SDG_Report,"Number of victims of intentional homicide per 100,000 population [16.1.1]",,M,PER_100000_POP,2017,,802
