Year,OBS_STATUS,UNIT_MULT,NATURE,SOURCE_DETAIL,SERIES,REF_AREA,UNIT_MEASURE,TIME_DETAIL,GeoCode,Value
2015,A,0,C,National_SDG_Report,_L_CM_171301_1,,CUR_LCU,2022,,19043.1
2016,A,0,C,National_SDG_Report,_L_CM_171301_1,,CUR_LCU,2022,,20038.6
2017,A,0,C,National_SDG_Report,_L_CM_171301_1,,CUR_LCU,2022,,20960.9
2018,A,0,C,National_SDG_Report,_L_CM_171301_1,,CUR_LCU,2022,,22203.3
2019,A,0,C,National_SDG_Report,_L_CM_171301_1,,CUR_LCU,2022,,23243.7
2020,A,0,C,National_SDG_Report,_L_CM_171301_1,,CUR_LCU,2022,,23486.5
2021,A,0,C,National_SDG_Report,_L_CM_171301_1,,CUR_LCU,2022,,24950.3
2022,A,0,C,National_SDG_Report,_L_CM_171301_1,,CUR_LCU,2022,,27223.4
2015,A,0,C,National_SDG_Report,_L_CM_171301_10,,CUR_LCU,2022,,3503.1
2016,A,0,C,National_SDG_Report,_L_CM_171301_10,,CUR_LCU,2022,,3500.3
2017,A,0,C,National_SDG_Report,_L_CM_171301_10,,CUR_LCU,2022,,3394.7
2018,A,0,C,National_SDG_Report,_L_CM_171301_10,,CUR_LCU,2022,,3740.6
2019,A,0,C,National_SDG_Report,_L_CM_171301_10,,CUR_LCU,2022,,4219.1
2020,A,0,C,National_SDG_Report,_L_CM_171301_10,,CUR_LCU,2022,,3534.9
2021,A,0,C,National_SDG_Report,_L_CM_171301_10,,CUR_LCU,2022,,4141.2
2022,A,0,C,National_SDG_Report,_L_CM_171301_10,,CUR_LCU,2022,,4414.4
2015,A,0,C,National_SDG_Report,_L_CM_171301_11,,CUR_LCU,2022,,792.8
2016,A,0,C,National_SDG_Report,_L_CM_171301_11,,CUR_LCU,2022,,845.8
2017,A,0,C,National_SDG_Report,_L_CM_171301_11,,CUR_LCU,2022,,899.0
2018,A,0,C,National_SDG_Report,_L_CM_171301_11,,CUR_LCU,2022,,916.3
2019,A,0,C,National_SDG_Report,_L_CM_171301_11,,CUR_LCU,2022,,970.1
2020,A,0,C,National_SDG_Report,_L_CM_171301_11,,CUR_LCU,2022,,765.2
2021,A,0,C,National_SDG_Report,_L_CM_171301_11,,CUR_LCU,2022,,736.8
2022,A,0,C,National_SDG_Report,_L_CM_171301_11,,CUR_LCU,2022,,656.1
2015,A,0,C,National_SDG_Report,_L_CM_171301_2,,CUR_LCU,2022,,19169.1
2016,A,0,C,National_SDG_Report,_L_CM_171301_2,,CUR_LCU,2022,,20038.6
2017,A,0,C,National_SDG_Report,_L_CM_171301_2,,CUR_LCU,2022,,20748.2
2018,A,0,C,National_SDG_Report,_L_CM_171301_2,,CUR_LCU,2022,,21568.9
2019,A,0,C,National_SDG_Report,_L_CM_171301_2,,CUR_LCU,2022,,22318.4
2020,A,0,C,National_SDG_Report,_L_CM_171301_2,,CUR_LCU,2022,,22428.2
2021,A,0,C,National_SDG_Report,_L_CM_171301_2,,CUR_LCU,2022,,23123.5
2022,A,0,C,National_SDG_Report,_L_CM_171301_2,,CUR_LCU,2022,,23952.0
2015,A,0,C,National_SDG_Report,_L_CM_171301_3,,PT,2022,,5.7
2016,A,0,C,National_SDG_Report,_L_CM_171301_3,,PT,2022,,4.5
2017,A,0,C,National_SDG_Report,_L_CM_171301_3,,PT,2022,,3.5
2018,A,0,C,National_SDG_Report,_L_CM_171301_3,,PT,2022,,4.0
2019,A,0,C,National_SDG_Report,_L_CM_171301_3,,PT,2022,,3.5
2020,A,0,C,National_SDG_Report,_L_CM_171301_3,,PT,2022,,0.5
2021,A,0,C,National_SDG_Report,_L_CM_171301_3,,PT,2022,,3.3
2022,A,0,C,National_SDG_Report,_L_CM_171301_3,,PT,2022,,3.6
2015,A,0,C,National_SDG_Report,_L_CM_171301_4,,CUR_LCU,2022,,3066.8
2016,A,0,C,National_SDG_Report,_L_CM_171301_4,,CUR_LCU,2022,,2778.8
2017,A,0,C,National_SDG_Report,_L_CM_171301_4,,CUR_LCU,2022,,2727.9
2018,A,0,C,National_SDG_Report,_L_CM_171301_4,,CUR_LCU,2022,,2981.0
2019,A,0,C,National_SDG_Report,_L_CM_171301_4,,CUR_LCU,2022,,3305.5
2020,A,0,C,National_SDG_Report,_L_CM_171301_4,,CUR_LCU,2022,,2442.4
2021,A,0,C,National_SDG_Report,_L_CM_171301_4,,CUR_LCU,2022,,3113.4
2022,A,0,C,National_SDG_Report,_L_CM_171301_4,,CUR_LCU,2022,,4188.4
2015,A,0,C,National_SDG_Report,_L_CM_171301_5,,CUR_LCU,2022,,930.1
2016,A,0,C,National_SDG_Report,_L_CM_171301_5,,CUR_LCU,2022,,1018.5
2017,A,0,C,National_SDG_Report,_L_CM_171301_5,,CUR_LCU,2022,,1118.6
2018,A,0,C,National_SDG_Report,_L_CM_171301_5,,CUR_LCU,2022,,1179.1
2019,A,0,C,National_SDG_Report,_L_CM_171301_5,,CUR_LCU,2022,,1308.4
2020,A,0,C,National_SDG_Report,_L_CM_171301_5,,CUR_LCU,2022,,1088.8
2021,A,0,C,National_SDG_Report,_L_CM_171301_5,,CUR_LCU,2022,,1007.2
2022,A,0,C,National_SDG_Report,_L_CM_171301_5,,CUR_LCU,2022,,1063.5
2015,A,0,C,National_SDG_Report,_L_CM_171301_6,,CUR_LCU,2022,,3907.8
2016,A,0,C,National_SDG_Report,_L_CM_171301_6,,CUR_LCU,2022,,3500.3
2017,A,0,C,National_SDG_Report,_L_CM_171301_6,,CUR_LCU,2022,,3459.8
2018,A,0,C,National_SDG_Report,_L_CM_171301_6,,CUR_LCU,2022,,3845.9
2019,A,0,C,National_SDG_Report,_L_CM_171301_6,,CUR_LCU,2022,,4365.4
2020,A,0,C,National_SDG_Report,_L_CM_171301_6,,CUR_LCU,2022,,3422.4
2021,A,0,C,National_SDG_Report,_L_CM_171301_6,,CUR_LCU,2022,,4189.3
2022,A,0,C,National_SDG_Report,_L_CM_171301_6,,CUR_LCU,2022,,5190.5
2015,A,0,C,National_SDG_Report,_L_CM_171301_7,,CUR_LCU,2022,,767.5
2016,A,0,C,National_SDG_Report,_L_CM_171301_7,,CUR_LCU,2022,,845.8
2017,A,0,C,National_SDG_Report,_L_CM_171301_7,,CUR_LCU,2022,,910.1
2018,A,0,C,National_SDG_Report,_L_CM_171301_7,,CUR_LCU,2022,,1005.9
2019,A,0,C,National_SDG_Report,_L_CM_171301_7,,CUR_LCU,2022,,1103.4
2020,A,0,C,National_SDG_Report,_L_CM_171301_7,,CUR_LCU,2022,,858.3
2021,A,0,C,National_SDG_Report,_L_CM_171301_7,,CUR_LCU,2022,,858.2
2022,A,0,C,National_SDG_Report,_L_CM_171301_7,,CUR_LCU,2022,,797.4
2015,A,0,C,National_SDG_Report,_L_CM_171301_8,,CUR_LCU,2022,,2770.2
2016,A,0,C,National_SDG_Report,_L_CM_171301_8,,CUR_LCU,2022,,2778.8
2017,A,0,C,National_SDG_Report,_L_CM_171301_8,,CUR_LCU,2022,,2630.7
2018,A,0,C,National_SDG_Report,_L_CM_171301_8,,CUR_LCU,2022,,2638.7
2019,A,0,C,National_SDG_Report,_L_CM_171301_8,,CUR_LCU,2022,,2945.3
2020,A,0,C,National_SDG_Report,_L_CM_171301_8,,CUR_LCU,2022,,2524.6
2021,A,0,C,National_SDG_Report,_L_CM_171301_8,,CUR_LCU,2022,,2775.3
2022,A,0,C,National_SDG_Report,_L_CM_171301_8,,CUR_LCU,2022,,2874.1
2015,A,0,C,National_SDG_Report,_L_CM_171301_9,,CUR_LCU,2022,,919.0
2016,A,0,C,National_SDG_Report,_L_CM_171301_9,,CUR_LCU,2022,,1018.5
2017,A,0,C,National_SDG_Report,_L_CM_171301_9,,CUR_LCU,2022,,1106.9
2018,A,0,C,National_SDG_Report,_L_CM_171301_9,,CUR_LCU,2022,,1179.8
2019,A,0,C,National_SDG_Report,_L_CM_171301_9,,CUR_LCU,2022,,1300.4
2020,A,0,C,National_SDG_Report,_L_CM_171301_9,,CUR_LCU,2022,,1074.4
2021,A,0,C,National_SDG_Report,_L_CM_171301_9,,CUR_LCU,2022,,985.9
2022,A,0,C,National_SDG_Report,_L_CM_171301_9,,CUR_LCU,2022,,1012.3
2011,A,0,C,National_SDG_Report,FP_CPI_TOTL_ZG,,PT,2023,,2.9
2012,A,0,C,National_SDG_Report,FP_CPI_TOTL_ZG,,PT,2023,,2.4
2013,A,0,C,National_SDG_Report,FP_CPI_TOTL_ZG,,PT,2023,,2.1
2014,A,0,C,National_SDG_Report,FP_CPI_TOTL_ZG,,PT,2023,,1.9
2015,A,0,C,National_SDG_Report,FP_CPI_TOTL_ZG,,PT,2023,,2.7
2016,A,0,C,National_SDG_Report,FP_CPI_TOTL_ZG,,PT,2023,,0.9
2017,A,0,C,National_SDG_Report,FP_CPI_TOTL_ZG,,PT,2023,,0.6
2018,A,0,C,National_SDG_Report,FP_CPI_TOTL_ZG,,PT,2023,,1.1
2019,A,0,C,National_SDG_Report,FP_CPI_TOTL_ZG,,PT,2023,,2.5
2020,A,0,C,National_SDG_Report,FP_CPI_TOTL_ZG,,PT,2023,,2.5
2021,A,0,C,National_SDG_Report,FP_CPI_TOTL_ZG,,PT,2023,,2.3
2022,A,0,C,National_SDG_Report,FP_CPI_TOTL_ZG,,PT,2023,,6.2
2023,A,0,C,National_SDG_Report,FP_CPI_TOTL_ZG,,PT,2023,,2.9
