Year,OBS_STATUS,UNIT_MULT,NATURE,SOURCE_DETAIL,SERIES,REF_AREA,UNIT_MEASURE,TIME_DETAIL,GeoCode,Value
2011,A,0,C,National_SDG_Report,Proportion of children moderately or severely wasted [2.2.2],,PT,2018,,5.6
2014,A,0,C,National_SDG_Report,Proportion of children moderately or severely wasted [2.2.2],,PT,2018,,5.2
2018,A,0,C,National_SDG_Report,Proportion of children moderately or severely wasted [2.2.2],,PT,2018,,6.0
2011,A,0,C,National_SDG_Report,Proportion of children moderately or severely overweight [2.2.2],,PT,2018,,6.2
2014,A,0,C,National_SDG_Report,Proportion of children moderately or severely overweight [2.2.2],,PT,2018,,6.7
2018,A,0,C,National_SDG_Report,Proportion of children moderately or severely overweight [2.2.2],,PT,2018,,11.0
