Year,Status de l'observation,Multiplicateur d'unité,NATURE,SOURCE_DETAIL,SERIES,Aire Geographique,UNIT_MEASURE,GeoCode,Value
2011,Valeur Normale,Unité,C,National_SDG_Report,Proportion d'enfants de moins de 5 ans souffrant d'émaciation (%),,Pour cent,,5.6
2014,Valeur Normale,Unité,C,National_SDG_Report,Proportion d'enfants de moins de 5 ans souffrant d'émaciation (%),,Pour cent,,5.2
2018,Valeur Normale,Unité,C,National_SDG_Report,Proportion d'enfants de moins de 5 ans souffrant d'émaciation (%),,Pour cent,,6.0
2011,Valeur Normale,Unité,C,National_SDG_Report,Proportion d'enfants de moins de 5 ans en surpoids (%),,Pour cent,,6.2
2014,Valeur Normale,Unité,C,National_SDG_Report,Proportion d'enfants de moins de 5 ans en surpoids (%),,Pour cent,,6.7
2018,Valeur Normale,Unité,C,National_SDG_Report,Proportion d'enfants de moins de 5 ans en surpoids (%),,Pour cent,,11.0
