Year,Status de l'observation,Multiplicateur d'unité,NATURE,SOURCE_DETAIL,SERIES,Aire Geographique,UNIT_MEASURE,GeoCode,Value
1998,Valeur Normale,Unité,C,National Institute of Statistics,Taux de mortalité maternelle (Décès pour 100 000 Naissances vivantes),,Pour 100000 naissances vivantes,,511
2004,Valeur Normale,Unité,C,National Institute of Statistics,Taux de mortalité maternelle (Décès pour 100 000 Naissances vivantes),,Pour 100000 naissances vivantes,,669
2011,Valeur Normale,Unité,C,National Institute of Statistics,Taux de mortalité maternelle (Décès pour 100 000 Naissances vivantes),,Pour 100000 naissances vivantes,,782
2018,Valeur Normale,Unité,C,National Institute of Statistics,Taux de mortalité maternelle (Décès pour 100 000 Naissances vivantes),,Pour 100000 naissances vivantes,,467
