Year,Status de l'observation,Multiplicateur d'unité,NATURE,SOURCE_DETAIL,SERIES,Aire Geographique,UNIT_MEASURE,GeoCode,Value
1991,Valeur Normale,Unité,C,National Institute of Statistics,Taux de mortalité néonatale,,"Pour 1,000 naissances vivantes",,33
1998,Valeur Normale,Unité,C,National Institute of Statistics,Taux de mortalité néonatale,,"Pour 1,000 naissances vivantes",,37
2004,Valeur Normale,Unité,C,National Institute of Statistics,Taux de mortalité néonatale,,"Pour 1,000 naissances vivantes",,29
2011,Valeur Normale,Unité,C,National Institute of Statistics,Taux de mortalité néonatale,,"Pour 1,000 naissances vivantes",,31
2014,Valeur Normale,Unité,C,National Institute of Statistics,Taux de mortalité néonatale,,"Pour 1,000 naissances vivantes",,31
2018,Valeur Normale,Unité,C,National Institute of Statistics,Taux de mortalité néonatale,,"Pour 1,000 naissances vivantes",,28
