Year,OBS_STATUS,UNIT_MULT,NATURE,SOURCE_DETAIL,SERIES,REF_AREA,SEX,UNIT_MEASURE,TIME_DETAIL,GeoCode,Value
2004,A,0,C,National_SDG_Report,Prévalence du VIH/SIDA (%),,,PT,2018,,5.5
2011,A,0,C,National_SDG_Report,Prévalence du VIH/SIDA (%),,,PT,2018,,4.3
2014,A,0,C,National_SDG_Report,Prévalence du VIH/SIDA (%),,,PT,2018,,3.4
2018,A,0,C,National_SDG_Report,Prévalence du VIH/SIDA (%),,,PT,2018,,2.7
2018,A,0,C,National_SDG_Report,Prévalence du VIH/SIDA (%),,F,PT,2018,,3.4
2018,A,0,C,National_SDG_Report,Prévalence du VIH/SIDA (%),,M,PT,2018,,1.9
