Year,Status de l'observation,Multiplicateur d'unité,NATURE,SOURCE_DETAIL,SERIES,Aire Geographique,Sexe,UNIT_MEASURE,GeoCode,Value
2018,Valeur Normale,Unité,C,National_SDG_Report,Prévalence du VIH (%),,Féminin,Pour cent,,3.4
2018,Valeur Normale,Unité,C,National_SDG_Report,Prévalence du VIH (%),,Masculin,Pour cent,,1.9
2004,Valeur Normale,Unité,C,National_SDG_Report,Prévalence du VIH (%),,,Pour cent,,5.5
2011,Valeur Normale,Unité,C,National_SDG_Report,Prévalence du VIH (%),,,Pour cent,,4.3
2014,Valeur Normale,Unité,C,National_SDG_Report,Prévalence du VIH (%),,,Pour cent,,3.4
2018,Valeur Normale,Unité,C,National_SDG_Report,Prévalence du VIH (%),,,Pour cent,,2.7
