Year,OBS_STATUS,UNIT_MULT,NATURE,SOURCE_DETAIL,SERIES,REF_AREA,SEX,UNIT_MEASURE,TIME_DETAIL,GeoCode,Value
2014,A,0,C,National_SDG_Report,Proportion d'enfants de 12 à 23 mois vaccinés contre la rougeole (%),,,PT,2018,,85.8
2018,A,0,C,National_SDG_Report,Proportion d'enfants de 12 à 23 mois vaccinés contre la rougeole (%),,,PT,2018,,65.3
2018,A,0,C,National_SDG_Report,Proportion d'enfants de 12 à 23 mois vaccinés contre la rougeole (%),,F,PT,2018,,65.9
2018,A,0,C,National_SDG_Report,Proportion d'enfants de 12 à 23 mois vaccinés contre la rougeole (%),,M,PT,2018,,64.7
