Year,Status de l'observation,Multiplicateur d'unité,NATURE,SOURCE_DETAIL,SERIES,Aire Geographique,Sexe,UNIT_MEASURE,GeoCode,Value
2018,Valeur Normale,Unité,C,National_SDG_Report,Proportion d'enfants de 12 à 23 mois vaccinés contre la rougeole (%),,Féminin,Pour cent,,65.9
2018,Valeur Normale,Unité,C,National_SDG_Report,Proportion d'enfants de 12 à 23 mois vaccinés contre la rougeole (%),,Masculin,Pour cent,,64.7
2014,Valeur Normale,Unité,C,National_SDG_Report,Proportion d'enfants de 12 à 23 mois vaccinés contre la rougeole (%),,,Pour cent,,85.8
2018,Valeur Normale,Unité,C,National_SDG_Report,Proportion d'enfants de 12 à 23 mois vaccinés contre la rougeole (%),,,Pour cent,,65.3
