Year,Status de l'observation,Multiplicateur d'unité,NATURE,SOURCE_DETAIL,SERIES,Aire Geographique,Sexe,UNIT_MEASURE,GeoCode,Value
2015,Valeur Normale,Unité,C,National_SDG_Report,Taux brut de préscolarisation (%),,Féminin,Pour cent,,38.0
2015,Valeur Normale,Unité,C,National_SDG_Report,Taux brut de préscolarisation (%),,Masculin,Pour cent,,37.0
2015,Valeur Normale,Unité,C,National_SDG_Report,Taux brut de préscolarisation (%),,,Pour cent,,37.5
2015,Valeur Normale,Unité,C,National_SDG_Report,Taux net de préscolarisation (%),,Féminin,Pour cent,,27.2
2015,Valeur Normale,Unité,C,National_SDG_Report,Taux net de préscolarisation (%),,Masculin,Pour cent,,26.5
2015,Valeur Normale,Unité,C,National_SDG_Report,Taux net de préscolarisation (%),,,Pour cent,,26.9
