Year,OBS_STATUS,UNIT_MULT,NATURE,SOURCE_DETAIL,SERIES,REF_AREA,SEX,UNIT_MEASURE,TIME_DETAIL,GeoCode,Value
2015,A,0,C,National_SDG_Report,Taux brut de préscolarisation (%),,,PT,2015,,37.5
2015,A,0,C,National_SDG_Report,Taux brut de préscolarisation (%),,F,PT,2015,,38.0
2015,A,0,C,National_SDG_Report,Taux brut de préscolarisation (%),,M,PT,2015,,37.0
2015,A,0,C,National_SDG_Report,Taux net de préscolarisation (%),,,PT,2015,,26.9
2015,A,0,C,National_SDG_Report,Taux net de préscolarisation (%),,F,PT,2015,,27.2
2015,A,0,C,National_SDG_Report,Taux net de préscolarisation (%),,M,PT,2015,,26.5
