Year,OBS_STATUS,UNIT_MULT,NATURE,SOURCE_DETAIL,SERIES,REF_AREA,SEX,URBANISATION,UNIT_MEASURE,TIME_DETAIL,GeoCode,Value
2014,A,0,C,National_SDG_Report,Taux d’alphabétisation des 15-24 ans (%),,,,PT,2017,,80
2017,A,0,C,National_SDG_Report,Taux d’alphabétisation des 15-24 ans (%),,,,PT,2017,,83
2014,A,0,C,National_SDG_Report,Taux d’alphabétisation des 15-24 ans (%),,,R,PT,2014,,48
2014,A,0,C,National_SDG_Report,Taux d’alphabétisation des 15-24 ans (%),,,U,PT,2014,,85
2014,A,0,C,National_SDG_Report,Taux d’alphabétisation des 15-24 ans (%),,F,,PT,2014,,68
2014,A,0,C,National_SDG_Report,Taux d’alphabétisation des 15-24 ans (%),,M,,PT,2014,,83
