Year,Status de l'observation,Multiplicateur d'unité,NATURE,SOURCE_DETAIL,SERIES,Aire Geographique,Sexe,Milieu de résidence,UNIT_MEASURE,GeoCode,Value
2014,Valeur Normale,Unité,C,National_SDG_Report,Proportion du temps consacré à des soins et travaux domestiques non rémunérés,,Féminin,Urbain,Pour cent,,22.7
2014,Valeur Normale,Unité,C,National_SDG_Report,Proportion du temps consacré à des soins et travaux domestiques non rémunérés,,Masculin,Urbain,Pour cent,,22.9
2014,Valeur Normale,Unité,C,National_SDG_Report,Proportion du temps consacré à des soins et travaux domestiques non rémunérés,,Féminin,Rural,Pour cent,,28.2
2014,Valeur Normale,Unité,C,National_SDG_Report,Proportion du temps consacré à des soins et travaux domestiques non rémunérés,,Masculin,Rural,Pour cent,,23.9
