Year,Status de l'observation,Multiplicateur d'unité,NATURE,SOURCE_DETAIL,SERIES,Aire Geographique,Sexe,UNIT_MEASURE,GeoCode,Value
2014,Valeur Normale,Unité,C,National_SDG_Report,Proportion de la population possédant un téléphone portable (%),,Féminin,Pour cent,,66.3
2018,Valeur Normale,Unité,C,National_SDG_Report,Proportion de la population possédant un téléphone portable (%),,Féminin,Pour cent,,63.6
2014,Valeur Normale,Unité,C,National_SDG_Report,Proportion de la population possédant un téléphone portable (%),,Masculin,Pour cent,,79.4
2018,Valeur Normale,Unité,C,National_SDG_Report,Proportion de la population possédant un téléphone portable (%),,Masculin,Pour cent,,77.3
2014,Valeur Normale,Unité,C,National_SDG_Report,Proportion de la population possédant un téléphone portable (%),,,Pour cent,,72.3
