Year,OBS_STATUS,UNIT_MULT,NATURE,SOURCE_DETAIL,SERIES,REF_AREA,URBANISATION,UNIT_MEASURE,TIME_DETAIL,GeoCode,Value
2014,A,0,C,National_SDG_Report,"Proportion de la population disposant d’un lieu de lavage des mains avec eau, savon (%)",,,PT,2014,,14.9
2014,A,0,C,National_SDG_Report,"Proportion de la population disposant d’un lieu de lavage des mains avec eau, savon (%)",,R,PT,2014,,5.5
2014,A,0,C,National_SDG_Report,"Proportion de la population disposant d’un lieu de lavage des mains avec eau, savon (%)",,U,PT,2014,,22.7
2014,A,0,C,National_SDG_Report,Pourcentage de  la population  des ménages utilisant les toilettes améliorées (%),,,PT,2016,,34.9
2016,A,0,C,National_SDG_Report,Pourcentage de  la population  des ménages utilisant les toilettes améliorées (%),,,PT,2016,,38.0
2014,A,0,C,National_SDG_Report,Pourcentage de  la population  des ménages utilisant les toilettes améliorées (%),,R,PT,2016,,15.5
2016,A,0,C,National_SDG_Report,Pourcentage de  la population  des ménages utilisant les toilettes améliorées (%),,R,PT,2016,,25.4
2014,A,0,C,National_SDG_Report,Pourcentage de  la population  des ménages utilisant les toilettes améliorées (%),,U,PT,2016,,56.1
2016,A,0,C,National_SDG_Report,Pourcentage de  la population  des ménages utilisant les toilettes améliorées (%),,U,PT,2016,,60.4
