Year,OBS_STATUS,UNIT_MULT,NATURE,SOURCE_DETAIL,SERIES,REF_AREA,SEX,UNIT_MEASURE,TIME_DETAIL,GeoCode,Value
2015,A,0,C,National_SDG_Report,VC_IHR_PSRC,,,PER_100000_POP,2017,,861
2016,A,0,C,National_SDG_Report,VC_IHR_PSRC,,,PER_100000_POP,2017,,787
2017,A,0,C,National_SDG_Report,VC_IHR_PSRC,,,PER_100000_POP,2017,,1004
2015,A,0,C,National_SDG_Report,VC_IHR_PSRC,,F,PER_100000_POP,2017,,192
2016,A,0,C,National_SDG_Report,VC_IHR_PSRC,,F,PER_100000_POP,2017,,117
2017,A,0,C,National_SDG_Report,VC_IHR_PSRC,,F,PER_100000_POP,2017,,202
2015,A,0,C,National_SDG_Report,VC_IHR_PSRC,,M,PER_100000_POP,2017,,669
2016,A,0,C,National_SDG_Report,VC_IHR_PSRC,,M,PER_100000_POP,2017,,670
2017,A,0,C,National_SDG_Report,VC_IHR_PSRC,,M,PER_100000_POP,2017,,802
