Year,OBS_STATUS,UNIT_MULT,NATURE,SOURCE_DETAIL,SERIES,REF_AREA,URBANISATION,UNIT_MEASURE,GeoCode,Value
2014,A,0,C,National_SDG_Report,_L_CM_060201_1,,U,PT,,22.7
2014,A,0,C,National_SDG_Report,_L_CM_060201_1,,R,PT,,5.5
2014,A,0,C,National_SDG_Report,_L_CM_060201_1,,,PT,,14.9
2014,A,0,C,National_SDG_Report,_L_CM_060201_2,,U,PT,,56.1
2016,A,0,C,National_SDG_Report,_L_CM_060201_2,,U,PT,,60.4
2014,A,0,C,National_SDG_Report,_L_CM_060201_2,,R,PT,,15.5
2016,A,0,C,National_SDG_Report,_L_CM_060201_2,,R,PT,,25.4
2014,A,0,C,National_SDG_Report,_L_CM_060201_2,,,PT,,34.9
2016,A,0,C,National_SDG_Report,_L_CM_060201_2,,,PT,,38.0
