Year,OBS_STATUS,UNIT_MULT,NATURE,SOURCE_DETAIL,SERIES,REF_AREA,SEX,URBANISATION,EDUCATION_LEV,UNIT_MEASURE,GeoCode,Value
2014,A,0,C,National_SDG_Report,SL_EMP_EARN,,,U,,CUR_LCU,,627.9
2014,A,0,C,National_SDG_Report,SL_EMP_EARN,,,R,,CUR_LCU,,482.2
2014,A,0,C,National_SDG_Report,SL_EMP_EARN,,F,,,CUR_LCU,,496.4
2014,A,0,C,National_SDG_Report,SL_EMP_EARN,,M,,,CUR_LCU,,627.4
2014,A,0,C,National_SDG_Report,SL_EMP_EARN,,,,ISCED11A_01,CUR_LCU,,659.9
2014,A,0,C,National_SDG_Report,SL_EMP_EARN,,,,ISCED11_1,CUR_LCU,,341.7
2014,A,0,C,National_SDG_Report,SL_EMP_EARN,,,,ISCED11_2,CUR_LCU,,415.0
2014,A,0,C,National_SDG_Report,SL_EMP_EARN,,,,ISCED11_3,CUR_LCU,,492.5
2014,A,0,C,National_SDG_Report,SL_EMP_EARN,,,,AGG_5T8,CUR_LCU,,1048.0
2014,A,0,C,National_SDG_Report,SL_EMP_EARN,,,,,CUR_LCU,,589.6
